{"cameraMode":{"drawMode":0,"name":"Shaded","section":"Shading Mode"},"sceneLighting":true,"audioPlay":false,"sceneViewState":{"showFog":true,"showMaterialUpdate":false,"showSkybox":true,"showFlares":true,"showImageEffects":true,"showParticleSystems":true},"in2DMode":false,"pivot":{"x":11.347383499145508,"y":-2.807645797729492,"z":-4.642705917358398},"rotation":{"x":-0.035151660442352298,"y":0.9506670832633972,"z":-0.28504806756973269,"w":-0.1172349825501442},"size":42.71799087524414,"orthographic":false}